smiles,MLM,HLM,KSOL,LogD,MDR1-MDCKII
COC1=CC=CC(Cl)=C1NC(=O)N1CCC[C@H](C(N)=O)C1 |a:16|,,,,0.3,2.0
O=C(NCC(F)F)[C@H](NC1=CC2=C(C=C1Br)CNC2)C1=CC(Cl)=CC(C2CC2)=C1 |&1:7|,,,333.0,2.9,0.2
O=C(NCC(F)F)[C@H](NC1=CC=C2CNCC2=C1)C1=CC(Br)=CC2=C1NC=N2 |&1:7|,,,,0.4,0.5
NC(=O)[C@H]1CCCN(C(=O)CC2=CC=CC3=C2C=CO3)C1 |&1:3|,,,376.0,1.0,8.5
CC1=CC(CC(=O)N2CCC[C@H](C(N)=O)C2)=CC=N1 |&1:11|,,,375.0,-0.3,0.9
O=C(NCC(F)F)[C@H](NC1=CN=C2CNCC2=C1)C1=CC(Cl)=CC(C2CC2)=C1 |&1:7|,,,362.0,1.5,0.8
COC1=CC(Cl)=CC([C@H](NC2=CC=C3CNCC3=C2)C(=O)NCC(F)F)=C1 |&1:8|,,,,0.5,0.7
CC1=CC([C@H](NC2=CC=C3CNCC3=C2)C(=O)NCC(F)F)=CC(C(F)(F)F)=C1 |&1:4|,,,,1.0,0.7
O=C(NCC(F)F)[C@H](NC1=CC=C2CNCC2=C1)C1=CC(Cl)=CC2=C1OC=C2 |&1:7|,,,187.0,0.6,2.1
CC(C)NC(=O)[C@H](NC1=CC=C2CNCC2=C1)C1=CC(Cl)=CC2=C1N=C(C1=CC=CC=C1)N2 |o1:6|,11.0,,134.0,2.8,0.2
CN(C1=CC=C2CNCC2=C1)[C@H](C(=O)NCC(F)F)C1=CC(Cl)=CC(C2CC2)=C1 |&1:11|,10.6,17.1,172.0,1.6,2.1
COCC1=CC(Cl)=CC([C@H](NC2=CC=C3CNCC3=C2)C(=O)NCC(F)F)=C1 |&1:9|,,,192.0,0.2,1.7
COC1=CC(C#N)=CC([C@H](NC2=CC=C3CNCC3=C2)C(=O)NCC(F)F)=C1 |&1:9|,,,381.0,-0.4,0.5
O=C(NCC(F)F)[C@H](NC1=CC=C2CNCC2=C1)C1=CC(Cl)=CC2=C1CCC2 |&1:7|,,,,1.2,0.9
N#CC1=CC=CC(C2=NC3=C(C(=O)NC4=CC=C5CNCC5=C4)C=C(F)C=C3N2)=C1,22.0,,3.0,2.0,0.0
O=C(NC1=CC=C2CNCC2=C1)C1=CC(F)=CC2=C1N=C(C1=CC=C(F)C=C1)N2,36.8,,6.0,2.9,0.1
O=C(NC1=CC2=C(CNC2)C(C2=CNC(=O)C(F)=C2)=C1)C1=CC(F)=CC2=C1C=NN2,243.0,,66.0,0.4,0.651
N#CC1=CC2=C(C=C1NC(=O)C1=CC(F)=CC3=C1C=NN3)CNC2,288.0,16.7,193.0,0.6,3.9
O=C(NC1=CC2=C(CNC2)C(C2=CCOCC2)=C1)C1=CC(F)=CC2=C1C=NN2,152.0,,157.0,0.9,1.1
CO[C@H]1C[C@H](N2N=CC3=C(C(=O)NC4=CC=C5CNCC5=C4)C=C(Cl)C=C32)C1,,,340.0,1.5,1.6
O=C(NC1=CC2=C(CNC2)C(C2=CCS(=O)(=O)CC2)=C1)C1=CC(F)=CC2=C1C=NN2,96.9,,141.0,-0.1,1.3
COC1=CC(C2=CC(NC(=O)C3=CC(F)=CC4=C3C=NN4)=CC3=C2CNC3)=CC=N1,260.0,,180.0,2.0,0.788
O=C(NC1=CC=C2CNCC2=C1)C1=CC(Cl)=CC2=C1C=NN2C1CCC1,13.4,,172.0,2.0,1.0
CC(C)N1C=C2C(C(=O)NC3=CC=C4CNCC4=C3)=CC(Cl)=CC2=N1,,,181.0,1.6,3.4
CCCCNC(=O)[C@H](NC1=CC=C2CNCC2=C1)C1=CC(Cl)=CC(C2CC2)=C1 |&1:7|,,,379.0,2.3,0.7
O=C(NC1=CC=C2CNCC2=C1)C1=CC(F)=CC(C2=CNN=C2)=C1,553.0,36.3,184.0,0.7,1.62
O=C(NC1=CC2=C(C=C1C1CC1)CNC2)C1=CC(F)=CC2=C1C=NN2,86.8,,189.0,0.7,3.41
CNC(=O)[C@H](NC1=CC=C2CNCC2=C1)C1=CC(Cl)=CC2=C1N=C(C1=CC=CC=C1)N2 |&1:4|,,,178.0,1.8,1.02
O=C(NCCCF)[C@H](NC1=CC=C2CNCC2=C1)C1=CC(Cl)=CC(C2CC2)=C1 |&1:7|,,,394.0,1.2,0.7
O=C(NCC(F)F)[C@H](NC1=CC=C2CNCC2=C1)C1=CC(Cl)=CC(C2CC2)=C1 |o1:7|,,,326.0,1.3,1.3
COCCNC(=O)[C@H](NC1=CC=C2CNCC2=C1)C1=CC(Cl)=CC(C2CC2)=C1 |o1:7|,11.7,19.7,320.0,1.0,1.4
O=C(NCC(F)F)[C@H](NC1=CC=C2CNCC2=C1)C1=CC(Cl)=CC(C2CC2)=C1 |o1:7|,,,139.0,1.4,1.9
O=C(NC1=CC(Br)=C2CNCC2=C1)C1=CC(F)=CC2=C1C=NN2,145.0,13.6,4.0,1.8,3.4
CC(C)NC(=O)[C@H](NC1=CC=C2CNCC2=C1)C1=CC(Cl)=CC2=C1N=C(C1=CC=CC=C1)N2 |&1:6|,,23.2,154.0,2.9,0.432
O=C1CC2=C(C=C(F)C=C2C(=O)NC2=CC=C3CNCC3=C2)N1,,,368.0,-0.2,2.9
C=CC[C@H]1NCC2=CC(NC(=O)C3=CC(F)=CC4=C3C=NN4)=CC=C21 |&1:3|,,,356.0,1.7,3.86
O=C(NC1=CC=C2CNCC2=C1)C1=CC(F)=CC2=C1CCC2,37.4,,187.0,1.2,10.7
CN1C=C2C(C(=O)NC3=CC=C4CNCC4=C3)=CC(F)=CC2=N1,18.2,,309.0,0.2,3.4
O=C(NC1=CC2=C(C=C1Br)CNC2)C1=CC(F)=CC2=C1C=NN2,299.0,11.4,47.0,1.1,7.65
O=C(NC1=CC=C2CNCC2=C1)C1=CC=CC2=C1C=C(C(F)(F)F)N2,12.7,14.1,372.0,1.5,4.1
O=C1CC2=CC(C(=O)NC3=CC=C4CNCC4=C3)=CC=C2N1,,,136.0,,0.873
CN1C(=O)NC2=C(C(=O)NC3=CC=C4CNCC4=C3)C=C(Br)C=C21,12.5,,161.0,0.5,0.805
O=C(NC1=CC=C2CNCC2=C1)C1=CC(Cl)=CC2=C1NN=C2,54.0,,184.0,1.2,4.63
CC1=C(C(=O)NC2=CC(C3=CC=CN=C3)=CC=N2)C=C(C2CC2)N1C,388.0,,176.0,,13.5
N#CCCNC(=O)[C@H](NC1=CC=C2CNCC2=C1)C1=CC(Cl)=CC(C2CC2)=C1 |&1:7|,,,374.0,0.6,0.5
CNC(=O)[C@H](NC1=CC=C2CNCC2=C1)C1=CC(Cl)=CC(C2CC2)=C1 |&1:4|,,,358.0,0.9,1.5
O=C(NC1=CC=C2CNCC2=C1)C1=CC(Cl)=CC2=CC=NC=C12,24.5,,181.0,0.6,3.42
CC1=C(C(=O)NC2=CC([C@H]3CCOC3)=CC=N2)C=C(C2CC2)N1C |&1:9|,,57.7,,3.0,27.2
O=C(NCC(F)F)[C@H](NC1=CC=C2CNCC2=C1)C1=CC(Cl)=CC(C2CC2)=C1 |&1:7|,,,367.0,1.6,1.55
O=C(NC1=CC=C2CNCC2=C1)C1=CC(F)=CC2=C1C=NN2,180.0,,,,1.59
"COC1=CC=CC=C1[C@@H]1C[C@H](C)CCN1C(=O)CC1=CN=CC2=CC=CC=C12 |&1:8,10|",,,218.0,,18.7
"O=C(CC1=CN=CC2=CC=CC=C12)N1[C@H]2CC[C@H]1C1=NC=CC=C12 |&1:14,&2:17|",,,377.0,,19.3
O=C(CC1=CN=CC2=CC=CC=C12)N1CC[C@@H](OC2=CC=C(F)C=C2)C1 |a:16|,,,324.0,,21.7
"C[C@H](F)[C@H]1CCCN1C(=O)CC1=CN=CC2=CC=CC=C12 |&1:1,&2:3|",,,383.0,,24.6
O=C(CC1=CN=CC2=CC=CC=C12)N1CC[C@H](C2=CC=CC(F)=C2)C1 |&1:16|,,,360.0,,22.3
CO[C@]1(C(F)(F)F)CCN(C(=O)CC2=CN=CC3=CC=CC=C23)C1 |&1:2|,,,380.0,,25.4
CC(C)C1=NC([C@H]2CCCN(C(=O)CC3=CN=CC4=CC=CC=C34)C2)=NO1 |&1:6|,,,380.0,,22.7
O=C(CC1=CN=CC2=CC=CC=C12)N1CCC(N2C(=O)NC3=CC=CC=C32)CC1,,,371.0,,4.78
N#CC1(C2=CC=CC=C2)CCN(C(=O)CC2=CN=CC3=CC=CC=C23)CC1,,,14.0,,25.4
O=C(CC1=CN=CC2=CC=CC=C12)N1CCC[C@]2(C=CC3=CC=CC=C3O2)C1 |&1:17|,,,266.0,,14.8
CN1C=C([C@H]2CCCN2C(=O)CC2=CN=CC3=CC=CC=C23)C(C(F)F)=N1 |&1:4|,,,386.0,,16.1
O=C(CC1=CN=CC2=CC=CC=C12)N1CC[C@]2(CC=CCO2)C1 |&1:16|,,,382.0,,19.2
CNS(=O)(=O)[C@H]1CCCN(C(=O)CC2=CN=CC3=CC=CC=C23)C1 |&1:5|,,,380.0,,3.87
"O=C1C[C@H]2CCN(C(=O)CC3=CN=CC4=CC=CC=C34)C[C@H]2N1 |&1:3,21|",,,377.0,,0.844
O=C(CC1=CN=CC2=CC=CC=C12)N1CCC(C[C@H]2CCCOC2)CC1 |&1:18|,,,380.0,,21.2
"CC[C@H]1C[C@@H](C(F)(F)F)CCN1C(=O)CC1=CN=CC2=CC=CC=C12 |&1:2,4|",,,219.0,,20.0
"O=C(CC1=CN=CC2=CC=CC=C12)N1CC[C@H]2CCC(F)(F)C[C@H]2C1 |&1:16,&2:23|",,,374.0,,24.5
O=C(CC1=CN=CC2=CC=CC=C12)N1CC[C@]2(CCCC3=CC=CC=C32)C1 |&1:16|,,,314.0,,15.0
CNC(=O)CC1CCN(C(=O)CC2=CN=CC3=CC=CC=C23)CC1,,,381.0,,2.22
O=C(NC1=CC=C2CNCC2=C1)C1=CC(Br)=CC2=C1N=C(C1=CC=CC=C1)N2,43.8,12.8,,3.6,0.0942
"C[C@H]1CCN(C(=O)CC2=CN=CC3=CC=CC=C23)[C@@H](C2CCOCC2)C1 |&1:1,18|",,,377.0,,20.0
O=C(CC1=CN=CC2=CC=CC=C12)N1CCC[C@H](C2=NN=C3C=CC=CN23)C1 |&1:17|,,,393.0,,1.42
CN1N=CC=C1[C@H]1CCCN1C(=O)CC1=CN=CC2=CC=CC=C12 |&1:6|,,,379.0,,13.1
"O=C(CC1=CN=CC2=CC=CC=C12)N1CC[C@H]2OCC[C@H]2C1 |&1:16,20|",,,386.0,,20.6
C[C@]1(C2=CC=CC=C2)CCCN(C(=O)CC2=CN=CC3=CC=CC=C23)C1 |&1:1|,,,350.0,,15.7
"O=C1N[C@H]2CCN(C(=O)CC3=CN=CC4=CC=CC=C34)[C@H]1C2 |&1:3,&2:20|",,,389.0,,1.4
O=C(CC1=CN=CC2=CC=CC=C12)N1CC[C@H](OC2=CC=C(F)C(F)=C2)C1 |&1:16|,,,355.0,,16.4
CNC(=O)[C@H]1CC12CCN(C(=O)CC1=CN=CC3=CC=CC=C13)CC2 |&1:4|,,,366.0,,1.98
O=C(CC1=CN=CC2=CC=CC=C12)N1CCC[C@H]1C=CC1=CC=CS1 |&1:17|,,,361.0,,15.1
O=C1CC2=C(C=CC=C2C(=O)NC2=CC=C3CNCC3=C2)N1,,,152.0,0.3,0.924
CC(C)NC(=O)[C@H](NC1=CC=C2CNCC2=C1)C1=CC(Cl)=CC2=C1C=NN2 |&1:6|,,,311.0,0.5,0.963
O=C(NC1=CC=C2CNCC2=C1)C1=CC(Br)=CC2=C1C=CN2,34.3,,,,3.85
O=C(NC1=CC=C2CNCC2=C1)C1=CC(Cl)=CC2=C1CCC2,,,335.0,1.8,2.57
CN1N=CC2=C(C(=O)NC3=CC=C4CNCC4=C3)C=C(Br)C=C21,,,392.0,1.0,4.66
CNC(=O)[C@H](NC1=CC(CN)=CC(C(=O)O)=C1)C1=CC(Cl)=CC(C2CC2)=C1 |&1:4|,,,335.0,0.0,0.94
OCC#C[C@H](NC1=CC=C2CNCC2=C1)C1=CC(Cl)=CC2=C1C=NN2 |&1:4|,,,135.0,0.5,0.592
N#C[C@H](NC1=CC=C2CNCC2=C1)C1=CC(Cl)=CC2=C1C=NN2 |&1:2|,,10.3,297.0,0.9,1.1
CNC(=O)[C@H](NC1=CC(CN)=CC(C2=NNN=N2)=C1)C1=CC(Cl)=CC(C2CC2)=C1 |&1:4|,,,352.0,1.5,0.302
"O=C(NC1=CC(Cl)=CC([C@H]2CN(CC3=CC=CC=C3)C[C@@H]2C2=CC=CC(C3=NNN=N3)=C2)=C1)OCC1=CC=CC=C1 |&1:9,20|",,46.3,,4.1,0.2
ClC1=CC=C2NC=C(CC3=CC=C(C4=NNN=N4)C=C3)C2=C1,,,,2.1,8.4
O=C(NC1=CC(Cl)=CC([C@H](NC2=CC=CC(C3=NNN=N3)=C2)C(=O)NCC2=CC=CC=C2)=C1)OCC1=CC=CC=C1 |&1:9|,,,,3.7,0.6
C=CC[C@H](NC1=CC=C(C2=NNN=N2)C=C1)C1=CC(Cl)=CC(NC(=O)OCC2=CC=CC=C2)=C1 |&1:3|,,10.1,,3.9,2.6
CNC(=O)[C@H](NC1=CC=C(C2=NN=NN2)C=C1)C1=CC(Cl)=CC(C2CC2)=C1 |&1:4|,,,,1.1,1.6
CC1=CC=CC=C1C1=NN=C(SC2=CC(C3=CC=CC=C3)=NC3=NC=NN23)O1,,,7.0,3.7,0.0109
CCN1C(C)=NN=C1SC1=CC(C)=NC2=NC=NN12,10.0,16.5,348.0,-0.5,0.401
CC1=NC2=NC=NN2C(SC2=NN=C(C)O2)=C1,151.0,182.0,356.0,0.1,0.12
ClC1=CC=CC(C2=NN=C(SC3=CC(C4=CC=CC=C4)=NC4=NC=NN34)O2)=C1,,,,4.1,1.85
CC1=NN=C(SC2=CC(C3=CC=CC=C3)=NC3=NC=NN23)O1,465.0,,60.0,1.8,0.0448
COC1=CC=C(C2=NN=C(SC3=CC(C)=NC4=NC=NN34)O2)C=C1,586.0,141.0,7.0,2.4,0.236
O=C(NC1=CC(Cl)=CC(C2=CC=C3NC(C(=O)O)=CC3=C2)=C1)OCC1=CC=CC=C1,,,356.0,3.7,0.61
O=C(O)CN1N=CC2=CC(C3=CC(Cl)=CC(NC(=O)OCC4=CC=CC=C4)=C3)=CC=C21,,,131.0,2.6,5.12
C=CC[C@H](NC1=CC=CC(C2=NNN=N2)=C1)C1=CC(Cl)=CC(NC(=O)OCC2=CC=CC=C2)=C1 |&1:3|,,65.5,332.0,4.1,1.24
C1=CC=C(C2=NC3=NC=NN3C(SC3=NN=C(N4CCOCC4)S3)=C2)C=C1,624.0,290.0,4.0,2.1,0.14
O=S(=O)(NCCC1=NC=CC(O)=N1)N1CCNCC1,,,349.0,,0.723
N#C[C@H](NC1=CC=CC(C2=NNN=N2)=C1)C1=CC(Cl)=CC(NC(=O)OCC2=CC=CC=C2)=C1 |&1:2|,,13.6,344.0,3.2,3.23
O=C(NC1=CC=C2CNCC2=C1)C1=CC(Cl)=CC2=C1C=NN2,243.0,,279.0,0.9,1.8
N#C[C@H](NC1=CC=CC(C(=O)O)=C1)C1=CC(Cl)=CC2=C1C=NN2 |&1:2|,,12.0,112.0,0.6,1.22
"NCC1=CC(C(=O)O)=CC([C@@H]2C[C@H]2C2=CC(Cl)=CC(NC(=O)OCC3=CC=CC=C3)=C2)=C1 |&1:10,12|",,,52.0,2.7,0.819
CNCC1=NC2=NC=NN2C(SC2=NN=C(C3=CC=C(Cl)C=C3)N2C)=C1,0.0,0.0,356.0,0.7,0.441
CNC(=O)[C@H](NC1=CC(Cl)=CC(NC(=O)OCC2=CC=CC=C2)=C1)C1=CC=CC(C2=NNN=N2)=C1 |&1:4|,,21.3,333.0,2.2,1.39
CNC(=O)[C@H](NC1=CC=CC(C2=NNN=N2)=C1)C1=CC(Cl)=CC2=C1C=NN2 |&1:4|,,,347.0,0.3,0.863
CC1=CSC(SC2=CC(C3=CC=CC=C3)=NC3=NC=NN23)=N1,,,6.0,2.9,0.636
COC1=CC=C(C2=NN=C(SC3=CC(C4=CC=CC=C4)=NC4=NC=NN34)N2C)C=C1,,,11.0,2.6,0.657
C1=CC=C(C2=NC3=NN=CN3C(SC3=NC(C4=CC=CC=N4)=NO3)=C2)C=C1,0.0,0.0,73.0,2.7,0.00854
CCN1C(C)=NN=C1SC1=CC(C2=CC=CC=C2)=NC2=NC=NN12,20.1,35.1,283.0,1.4,0.0862
O=C(O)COC1=CC=CC(NC(=O)C2=CC(Cl)=CC(NC(=O)OCC3=CC=CC=C3)=C2)=C1,,,360.0,1.8,1.1
CN1C(SC2=CC(C3=NOC=C3)=NC3=NC=NN23)=NN=C1C1=CC=C(Cl)C=C1,,,8.0,2.0,0.392
CC1=CC=C(C2=NN=C(SC3=CC(C4=CC=CC=C4)=NC4=NC=NN34)O2)C=C1,,,,4.3,1.85
ClC1=CC=C(C2=CN=C(SC3=CC(C4=CC=CC=C4)=NC4=NN=CN34)O2)C=C1,27.1,25.2,,4.2,0.289
COC1=CC=CC(C2=NN=C(SC3=CC(C4=CC=CC=C4)=NC4=NC=NN34)O2)=C1,,,6.0,4.1,0.0142
O=C(NC1=CC(Cl)=CC(C(=O)NC2=CC=CC(N3N=NNC3=O)=C2)=C1)OCC1=CC=CC=C1,,11.2,107.0,3.8,9.46
O=C(NC1=CC(Cl)=CC(C(=O)NC2=CC=CC(C3=NN=NN3)=C2)=C1)OCC1=CC=CC=C1,,,65.0,3.7,5.06
CC1=CC=C2OC(SC3=CC(C4=CC=CC=C4)=NC4=NC=NN34)=NC2=C1,,,3.0,4.4,2.87
"O=C(N[C@H]1[C@H]2CCCCC[C@H]2[C@H]1C(=O)NC1=CC=CC(C2CCNCC2)=C1)OCC1=CC=CC=C1 |&1:3,4,10,11|",,31.3,49.0,2.8,0.395
COC1=CC=C(C2=NN=C(SC3=CC(C4=CC=CC=C4)=NC4=NC=NN34)O2)C=C1,,,39.0,4.0,0.00274
ClC1=CC=C(C2=NN=C(SC3=CC(C4=CC=CC=C4)=NC4=NC=NN34)O2)C=C1,,,2.0,4.2,0.00871
CC[C@H](CC1=NN=NN1)C1=CC=C(NC(=O)C2=CC(Cl)=CC(NC(=O)OCC3=CC=CC=C3)=C2)C=C1 |&1:2|,,24.9,60.0,4.1,2.79
CN1C(SC2=CC(C3=CC=CC=C3)=NC3=NC=NN23)=NN=C1C1=CC=NC=C1,130.0,174.0,21.0,1.4,0.0237
C1=CC=C(C2=NC3=NC=NN3C(SC3=NC=CO3)=C2)C=C1,1040.0,332.0,52.0,2.3,0.0232
CC(C)COC1=NOC2=CC(OCCCC3=CC(C(=O)N(C)C)=NO3)=CC=C12,99.8,41.1,11.0,4.4,2.67
CC(C)COC1=CC=C2C(OCCCC3=CC(C(=O)N(C)C)=NO3)=NOC2=C1,68.5,95.1,15.0,,7.05
CC1=CC=C(C2=NN=C(SC3=CC(C4=CC=CC=C4)=NC4=NC=NN34)N2C)C=C1,120.0,238.0,7.0,3.0,0.00929
CCC1=C(C2=CC=C(Cl)C=C2)SC(C(=O)NC2=CC=CC(CN)=C2)=C1,,,7.0,4.3,0.995
CC(C)C1=NC2=C(C(=O)NC3=CC=CC(CN)=C3)C=CC=C2N1,,,316.0,1.9,3.84
NCC1=CC=CC(NC(=O)C2=CC=CN3C=C(CN4CCCC4)N=C23)=C1,,,332.0,0.2,5.25
CN(C)C(=O)C1=NOC(CCCOC2=CC=C3C(OCC4CC4)=NOC3=C2)=C1,132.0,35.5,7.0,3.7,5.07
CCOC1=NOC2=CC(OCCCC3=CC(C(=O)N(C)C)=NO3)=CC=C12,140.0,31.2,18.0,3.5,14.8
CCOC1=NOC2=C(C)C(OCCCC3=CC(C(=O)N(C)C)=NO3)=CC=C12,418.0,97.1,25.0,4.0,15.8
CCOC1=NOC2=CC(OCCCC3=CC(C(=O)N(C)C)=NO3)=C(C)C=C12,166.0,46.4,7.0,4.0,4.12
CC1=CC=C(NC(=O)C2=CC(Cl)=CC(NC(=O)OCC3=CC=CC=C3)=C2)C=C1CN,,,,,0.0873
C#CCCC1=CC=C(OCCCC2=CC(C(=O)N(C)C)=NO2)C=C1,73.8,60.4,158.0,3.5,19.3
"NCC1=CC=CC([C@H]2C[C@@H]2C2=CC(Cl)=CC(NC(=O)OCC3=CC=CC=C3)=C2)=C1 |&1:7,9|",,11.4,50.0,,1.66
O=C(NC1=CC(Cl)=CC(C(=O)NC2=NNC3=C2CNC3)=C1)OCC1=CC=CC=C1,,,26.0,,1.44
NCC1=CC=CC(NC(=O)C2=CC(Cl)=CC(CN)=C2)=C1,,21.0,375.0,-0.6,1.96
CN(C)C(=O)C1=NOC(CCCOC2=CC=CC(F)=C2)=C1,339.0,46.6,356.0,2.7,34.8
O=C1NC(=O)[C@H](CC2=NC3=C(COCC3)S2)C2=CC=CC=C12 |&1:5|,67.5,20.3,356.0,0.6,5.44
CC1=CC(C2=NOC(C(F)(F)F)=N2)=CC=C1COCCC1=CC(C(=O)N(C)C)=NO1,78.9,36.5,68.0,3.5,15.2
C#CCCCCC1=CC=C(OCCCC2=CC(C(=O)N(C)C)=NO2)C=C1,139.0,79.9,4.0,4.4,7.87
CN(C)C(=O)C1=NOC(CCCOC2=CC=C(F)C=C2)=C1,281.0,42.6,208.0,2.6,34.4
CC1=CC(C2=NOC(C(F)(F)F)=N2)=CC=C1OCCCC1=NC(C2=CC=NC=C2)=NO1,80.5,19.6,4.0,4.5,1.01
CN(C)C(=O)C1=NOC(CCCOC2=CC=C(C3=NOC(C4CC4)=N3)C=C2)=C1,54.7,29.8,16.0,3.6,23.9
CN(C)C(=O)C1=NOC(CCCOC2=CC=C(CCC3CCNCC3)C=C2)=C1,29.4,,398.0,0.5,12.8
O=C(NC1=CC(Cl)=CC(C(=O)NC2=CC=C3CNCC3=C2)=C1)OCC1=CC=CC=C1,,12.7,35.0,2.8,1.25
O=C(O)C1=CC(Cl)=CC=C1S(=O)(=O)NC1CCN(C2=NC(C3CC3)=CC(C(F)(F)F)=N2)CC1,,26.3,380.0,2.8,3.65
CC1=NN=C(CCCOC2=CC=C(C3=NOC(C(F)(F)F)=N3)C=C2C)N1,15.4,,18.0,4.1,13.8
CN(C)C(=O)C1=NOC(CCCN2C=CC3=CC(C4=NOC(C(F)(F)F)=N4)=CC=C32)=C1,26.4,28.9,8.0,,1.02
CN(C)C(=O)C1=NOC(CCCN2C=CC3=NC(C4=NOC(C(F)(F)F)=N4)=CC=C32)=C1,44.1,51.3,205.0,2.7,20.7
O=C(NC1=CC(Cl)=CC(C(=O)NC2=CC=CC(C3CCNCC3)=C2)=C1)OCC1=CC=CC=C1,,,126.0,,1.8
NCCC1=CC=C(NC(=O)C2=CC(Cl)=CC(NC(=O)OCC3=CC=CC=C3)=C2)C=C1,,17.5,88.0,2.9,0.791
CC1=CC(OCC2=CC=CC=C2)=CC=C1NS(=O)(=O)C1=CC=C(Cl)C=C1C(=O)O,,22.3,394.0,2.7,4.61
CCOC1=CC=CC(C2=CC=C(S(=O)(=O)NC3=CC=C(Cl)C=C3C(=O)O)C=C2)=C1,,119.0,392.0,2.8,6.22
O=C(O)C1=CC(Cl)=CC=C1NS(=O)(=O)C1=CC=C(C2=CC=CC=C2Cl)C=C1,,343.0,397.0,3.6,7.59
O=C(O)C1=CC(Cl)=C(F)C=C1S(=O)(=O)NC1=CC=C(OC2=CC=CC=C2Cl)C=C1,,67.4,396.0,3.3,4.29
NCC1=CC=CC(NC(=O)C[C@H](NC(=O)OCC2=CC=CC=C2)C2=CC=C(OCC3=CC=CC=C3)C(Br)=C2)=C1 |&1:11|,,12.4,21.0,,0.783
CC1=CC(C2=NOC(C(F)(F)F)=N2)=CC=C1OCCCC1=CC(C(=O)N2CCCC2)=NO1,35.7,,12.0,,0.542
CCOC1=NOC2=CC(OCCC3CCN(C4=CC=C(C)N=N4)CC3)=CC=C12,95.3,41.7,16.0,3.0,2.41
CC1=CC(C2=NOC(C(F)(F)F)=N2)=CC=C1OCCCC1=NC=CN1,25.8,,68.0,,1.89
CC1=CC(C2=NOC(C(F)(F)F)=N2)=CC=C1OCCCC1=NC2=CC=CC=C2N1,60.8,11.0,5.0,,0.598
COC1=CC=C2NC(CCCOC3=CC=C(C4=NOC(C(F)(F)F)=N4)C=C3C)=NC2=N1,26.1,30.5,3.0,,1.79
CC1=CC(C2=NOC(C(F)(F)F)=N2)=CC=C1OCCCC1=NN=CO1,12.9,,21.0,4.0,12.1
CC1=CC(C2=NOC(C(F)(F)F)=N2)=CC=C1OCCCC1=NC(C2=CC=CN=C2)=NO1,33.0,16.6,6.0,,0.434
CN(C)C(=O)C1=NOC(CCCOC2=CC=C3CCCCC3=C2F)=C1,218.0,166.0,7.0,4.2,13.0
CCOC(=O)C1=CC=C(OCCC2CCN(C3=CC=C(C)N=N3)CC2)C=C1,580.0,708.0,9.0,4.1,9.01
CC1=NN=C(CCCOC2=CC=C(C3=NOC(C(F)(F)F)=N3)C=C2C)O1,74.6,16.6,78.0,4.4,8.89
CC1=CC(C2=NOC(C(F)(F)F)=N2)=CC=C1OCCCC1=CC=CC=N1,31.3,10.7,10.0,,0.55
CC1=CC(C2=NOC(C(F)(F)F)=N2)=CC=C1OCCCC1=CC(C(=O)N2CC[C@](C)(O)C2)=NO1 |&1:28|,,,16.0,4.4,2.25
CC1=CC(C2=NOC(C(F)(F)F)=N2)=CC=C1OCCCC1=CC(C(=O)N2CC[C@@H](O)C2)=NO1 |a:28|,13.0,,12.0,4.4,2.09
CN(C)C(=O)C1=NOC(CCCN2N=CC3=CC(C4=NOC(C(F)(F)F)=N4)=CC=C32)=C1,111.0,14.7,52.0,3.6,10.9
CC1=CC(C2=NOC(C(F)(F)F)=N2)=CC=C1OCCCC1=CC=CN=C1,46.2,14.9,7.0,,0.578
CC1=CC(C2=NOC(C(F)(F)F)=N2)=CC=C1OCCCC1=CSN=N1,109.0,27.5,3.0,,1.26
CC1=CC(C2=NOC(C(F)(F)F)=N2)=CC=C1OCCCC1=CN=CO1,48.2,10.5,3.0,,1.58
CC1=CC=NC=C1CCCOC1=CC=C(C2=NOC(C(F)(F)F)=N2)C=C1C,16.2,13.1,3.0,,0.0927
CC1=NOC(CCCOC2=CC=C(C3=NOC(C(F)(F)F)=N3)C=C2C)=N1,112.0,,4.0,,2.84
CC1=CC(C2=NOC(C(F)(F)F)=N2)=CC=C1OCCCC1=CC=NC=C1,24.0,10.9,4.0,,0.468
CC1=CC(C2=NOC(C(F)(F)F)=N2)=CC=C1OCCCC1=CC(C(=O)N(C)C)=NO1,24.4,11.0,9.0,,2.26
CC1=CC(C2=NOC(C(F)(F)F)=N2)=CC=C1OCCCC1=NN=C(C(F)F)O1,19.0,,6.0,,1.93
CC1=CC(C2=NOC(C(F)(F)F)=N2)=CC=C1OCCCC1=CNN=C1,17.8,,5.0,4.0,0.511
CC1=NC(C2=CC=C(OCCCCCN3CCN(C4=CC=NC(N)=C4)C3=O)C=C2)=NO1,29.5,32.8,10.0,2.5,1.89
CC1=CC(C2=NOC(C(F)(F)F)=N2)=CC=C1OCCCC1=CON=C1,51.1,,12.0,,3.0
NC1=NC(C2=CC=CC=C2)=NC2=C1C(NC1=CC=C(C(F)(F)F)C=C1)=NN2,11.2,,2.0,,1.76
CC1=CC(C2=NOC(C(F)(F)F)=N2)=CC=C1OCCCC1=CN(C)N=C1,72.5,18.1,4.0,4.2,0.696
CC1=CC(C2=NOC(C(F)(F)F)=N2)=CC=C1OCCCC1=CC(C(=O)N2CCOCC2)=NO1,98.3,18.5,4.0,,1.64
CCON=CC1=CC=C(OCCC2CCN(C3=CC=C(C)N=N3)CC2)C=C1,38.3,17.7,8.0,4.4,7.2
CC1=CC(C2=NOC(C(F)(F)F)=N2)=CC=C1CCOCC1=CC(C(=O)N(C)C)=NO1,86.9,48.4,48.0,4.0,4.04
CC1=CC(C2=NOC(C(F)(F)F)=N2)=CC=C1OCCCC1=CC(C(=O)N2CC[C@H](O)C2)=NO1 |a:28|,12.3,,13.0,4.4,2.47
CC1=CC(C2=NOC(C(F)(F)F)=N2)=CC=C1OCCCC1=NN=NN1C1=CC=CC=C1,34.1,,9.0,,1.99
O=C1NC(=O)[C@@H](CC2=CC=C3OCOC3=C2)C2=CC=CC=C12 |a:5|,82.7,32.4,263.0,2.4,6.56
CC(C)CNC(=O)C1=CC(Cl)=C(F)C=C1NS(=O)(=O)C1=CC=C(OC2=CC=CC=C2Cl)C=C1,,198.0,4.0,,2.39
O=C(NCC(F)(F)F)C1=CC(Cl)=C(F)C=C1NS(=O)(=O)C1=CC=C(OC2=CC=CC=C2Cl)C=C1,,70.0,14.0,,2.4
NCC1=CC=CC(NC(=O)C2=CC(OCC3=CC=CC=C3)=CC=C2CNC(=O)OCC2=CC=CC=C2)=C1,,21.0,14.0,2.8,1.75
NCC1=CC=CC(NC(=O)CN(C(=O)OCC2=CC=CC=C2)C2=CC=C(OCC3=CC=CC=C3)C=C2)=C1,,11.0,56.0,2.9,0.899
CC1=CC(C2=CC=C([C@H](NC(=O)OCC3=CC=CC=C3)C(=O)NC3=CC=CC(CN)=C3)C=C2)=CS1 |&1:8|,,29.5,8.0,,1.19
O=C(NC1=CC=C2OCOC2=C1)NC1=CNC(=O)C2=CC=CC=C12,40.3,,72.0,,1.8
O=C1NC(=O)[C@H](CC2=CC=CC(Cl)=C2)C2=CC=CC=C12 |&1:5|,16.7,170.0,291.0,,8.65
NCC1=CC=CC(NC(=O)C2=CC(Cl)=CC(NC(=O)OCC3=CC=CC=C3)=C2)=C1,,,89.0,2.7,2.11
NCC1=CC=CC(NC(=O)C[C@H](NC(=O)OCC2=CC=CC=C2)C2=CC=C(OCC3=CC=CC=C3)C=C2)=C1 |&1:11|,,17.0,17.0,,1.04
O=C(CC1=CNN=C1)NC1=CNC(=O)C2=CC=CC=C12,,,383.0,0.1,1.05
CC1=CC(NC(=O)NC2=CNC(=O)C3=CC=C(F)C=C23)=NO1,129.0,12.5,53.0,1.9,7.03
O=C1C2=CC=CC=C2[C@H](CC2=CC=C(O)C=C2)C(=O)N1CC1=CC=C2OCOC2=C1 |&1:8|,545.0,421.0,133.0,,4.32
NCC1=CC=CC(CNC(=O)[C@H](NC(=O)OCC2=CC=CC=C2)C2=CC=C(OCC3=CC=CC=C3)C=C2)=C1 |&1:11|,2.73,3.89,78.0,2.7,1.44
NCC1=CC=CC(NC(=O)[C@H](NC(=O)OCC2=CC=CC=C2)C(C2CCC2)C2CCC2)=C1 |&1:10|,,12.6,,2.5,1.6
C1=CC=C2SC(C3CCN(CC4=CNC5=CC=CC=C45)CC3)=NC2=C1,,38.1,119.0,,5.82
COC1=CC=C(CNC(=O)NC2=CNC(=O)C3=CC=NC=C23)C=N1,,,311.0,0.7,1.31
O=C(NCC1=CC=CC=N1)NC1=CNC(=O)C2=CC(Cl)=CC=C12,24.7,11.4,127.0,1.7,1.53
NCC1=CC=CC(NC(=O)[C@H](NC(=O)OCC2=CC=CC=C2)C2CCCCC2)=C1 |&1:10|,,5.29,,2.0,1.58
CC1=NOC(CCCOC2=C(C)C=C(C3=NOC(C(F)(F)F)=N3)C=C2C)=C1,21.5,11.6,18.0,4.2,1.42
O=C(NCC1=CC=CC=N1)NC1=CNC(=O)C2=CC=CN=C12,,,285.0,0.9,2.8
COC1=CC=CC=C1NC(=O)NC1=CNC(=O)C2=CC=CC=C12,108.0,16.5,13.0,2.2,3.17
CNC(=O)C1=CC(Cl)=C(F)C=C1NS(=O)(=O)C1=CC=C(OC2=CC=CC=C2Cl)C=C1,45.6,71.3,49.0,,6.11
O=C(NCC1=CC=CC=N1)NC1=CNC(=O)C2=CC=C(F)C=C12,12.4,,48.0,1.0,1.54
"C[C@H](C(=O)O)[C@@H](NC(=O)C1=NC=NC2=C1C=CN2)C1=CC=C(Br)C=C1 |o1:1,5|",4.0,3.0,358.0,0.6,0.682
"CCCC[C@H](NC(=O)OC(C)(C)C)C(=O)N[C@H](C(=O)NCC1=CC=C(CN)C=C1)C1=CC=C(OCC2=CC=CC=C2)C=C1 |&1:4,&2:16|",7.44,56.0,143.0,,0.833
O=C(O)C1=CC(Cl)=CC=C1NS(=O)(=O)C1=CC=C(OC2=CC=CC=C2Cl)C=C1,13.0,155.0,369.0,3.0,4.01
COC1=CC=C([C@H](CC2=NN=NN2)NC(=O)C2=NC=NC3=C2C=CN3)C=C1 |o1:6|,7.0,2.0,367.0,-0.5,1.07
C1=CC=C2C(CN3CCC(C4=CNC5=CC=CN=C45)CC3)=CNC2=C1,,16.0,,,4.6
COC1=CC(CC2=C(C)ON=C2C2=CC=C(F)C=C2)=NC(N2CCNCC2)=N1,33.0,15.0,325.0,2.1,4.78
NCC1=CC=CC(NC(=O)[C@@H](NC(=O)OCC2=CC=CC=C2)C2=CC=C(OCC3=CC=CC=C3)C=C2)=C1 |a:10|,1.0,11.0,23.0,3.2,1.53
NC1=NN=C2C=CC(C3=CC=C4NC(=O)CNC4=C3)=CN12,41.8,15.6,30.0,0.8,1.66
CNC(=O)C1=CC(Cl)=CC=C1NS(=O)(=O)C1=CC=C(OC2=CC=CC=C2Cl)C=C1,94.0,106.0,25.0,2.4,4.91
CN1C=C(NC(=O)NCC2=CC=CC=N2)C2=CN=CC=C2C1=O,2.08,4.11,378.0,0.3,1.57
O=C(/C=C/C1=CC=CC=C1)C(=O)N1CCN(CCC2=CC=CC=C2)CC1,181.0,167.0,239.0,3.3,3.0
CC1=NC=CN1C[C@H](C)CNC(=O)C1=CC=C2COB(O)C2=C1 |&1:7|,12.0,1.0,,0.2,1.3
"C[C@H]1CN(C[C@H](O)CNC(=O)C2=CC=C3COB(O)C3=C2)CCO1 |&1:1,&2:5|",14.0,8.0,,0.0,0.8
CN1CCN(C)[C@H](CNC(=O)C2=CC=C3COB(O)C3=C2)C1 |&1:6|,16.0,14.0,,-0.5,1.0
O=C(C1=CC=C2COB(O)C2=C1)N1CCN[C@H](C2=CC=CC=C2)C1 |&1:16|,12.0,4.0,,0.8,5.2
O=C(C[C@H]1CCN2C=NC=C2C1)NC1=CC=CC(B(O)O)=C1 |&1:3|,6.0,8.0,,1.1,3.6
CC1=CC(NC(=O)NC2=CNC(=O)C3=CC=CC=C23)=NO1,119.0,9.69,65.0,1.6,5.37
"CN1CC[C@H](NC(=O)C2=CC=CC(B(O)O)=C2)[C@H]1C1=CC=C(Cl)C=C1 |&1:4,17|",53.0,21.0,,2.8,14.9
CN(C(=O)C1=CC=C2COB(O)C2=C1)[C@H]1CCN(C2CC2)C1 |&1:14|,8.0,16.0,,0.7,12.0
"O=C(NC1=CC=CC(B(O)O)=C1)[C@H]1CCN2CCC[C@H]2C1 |&1:12,&2:19|",6.0,9.0,389.0,0.3,3.3
O=C(NC1=CC=CC(B(O)O)=C1)[C@H]1CCN(CC2=CC=CC=C2)C1 |&1:12|,26.0,7.0,,1.9,13.5
CN(C)C[C@H]1C[C@H](NC(=O)C2=CC=C3COB(O)C3=C2)C1,19.0,5.0,,,0.9
"C[C@H]1CN(C2=CN=CC3=CC=CC=C23)C(=O)[C@@]12CN(CC1=CC=NN=C1)C(=O)C1=CC=C(F)C=C12 |a:1,16|",57.0,19.0,,1.2,1.0
"CNC(=O)CN1C[C@@]2(C(=O)N(C3=CN=CC4=CC=CC=C34)C[C@@H]2CNC2=CC=C(Cl)N=N2)C2=CC(Cl)=CC=C2C1=O |a:7,22|",75.0,70.0,390.0,2.1,0.5
"CNC(=O)CN1C[C@@]2(C(=O)N(C3=CN=CC4=CC=CC=C34)C[C@@H]2CNC2=CN=CS2)C2=CC(Cl)=CC=C2C1=O |a:7,22|",77.0,39.0,397.0,1.8,0.6
"C[C@H]1CN(C2=CN=CC3=CC=CC=C23)C(=O)[C@@]12CN(CCN1CCN(S(C)(=O)=O)CC1)C(=O)C1=CC=C(Cl)C=C12 |a:1,16|",237.0,237.0,376.0,1.8,1.33
"O=C1C2=CC=C(Cl)C=C2[C@@]2(CN1CCN1CCOCC1)C(=O)N(C1=CN=CC3=CC=CC=C13)C[C@@H]2CNC1=NC=CC=N1 |a:9,34|",133.0,108.0,382.0,1.9,1.17
CCNC(=O)C1=CC2=C(N[C@H](C3=CC=C4OCCOC4=C3)C(C)C)N=CN=C2N1 |o1:10|,72.0,1330.0,13.0,3.6,2.9
"CNC(=O)CN1C[C@@]2(C(=O)N(C3=CN=CC4=CC=CC=C34)C[C@@H]2CNC2=C(C)N=CS2)C2=CC(Cl)=CC=C2C1=O |a:7,22|",33.0,17.0,383.0,2.1,0.6
CCNC(=O)C1=CC2=C(N[C@H](C3=CC=C4OCCOC4=C3)C(C)C)N=CN=C2N1 |o1:10|,48.0,67.0,263.0,3.6,2.7
CC(C)[C@H](NC1=NC=NC2=C1C=C(C1=CN(CC(=O)N(C)C)N=C1)N2)C1=CC=C2OCCOC2=C1 |o1:3|,35.0,500.0,19.0,2.9,2.05
CC(C)[C@H](NC1=NC=NC2=C1C=C(C1=CN(CC(=O)N(C)C)N=C1)N2)C1=CC=C2OCCOC2=C1 |o1:3|,45.0,108.0,205.0,3.0,1.62
CC(C)[C@H](NC1=NC=NC2=C1C=C(C1=CN(CC(=O)N(C)C)N=C1)N2)C1=CC=C2CCCS(=O)(=O)C2=C1 |o1:3|,31.0,297.0,256.0,2.2,0.555
CC(C)[C@H](NC1=NC=NC2=C1C=C(C1=CN(CC(=O)N(C)C)N=C1)N2)C1=CC=C2CCCS(=O)(=O)C2=C1 |o1:3|,124.0,92.0,361.0,2.2,1.17
"CNC(=O)CN1C[C@@]2(C(=O)N(C3=CN=CC4=CC=CC=C34)C[C@@H]2CS(=O)(=O)NC)C2=CC(Cl)=CC=C2C1=O |a:7,22|",69.0,83.0,,1.3,0.142
COC1=CC=C(C(=O)NC2=CC=CC(/C=C3/C(=O)NC(=O)C4=CC=CC=C34)=C2)C=C1,127.0,180.0,23.0,3.6,2.33
"CC1=NOC(CN2C[C@@]3(C(=O)N(C4=CN=CC5=CC=CC=C45)C[C@@H]3C)C3=CC(F)=CC=C3C2=O)=C1 |a:8,23|",240.0,80.0,392.0,2.1,12.5
"C[C@H]1CN(C2=CN=CC3=CC=CC=C23)C(=O)[C@@]12CN(CC1=NN=NN1C)C(=O)C1=CC=C(F)C=C12 |a:1,16|",172.0,58.0,372.0,1.5,3.02
"C[C@H]1CN(C2=CN=CC3=CC=CC=C23)C(=O)[C@@]12CN(CC1=NC=CN1C)C(=O)C1=CC=C(F)C=C12 |a:1,16|",351.0,195.0,377.0,2.0,6.7
"C[C@H]1CN(C2=CN=CC3=CC=CC=C23)C(=O)[C@@]12CN(CC#N)C(=O)C1=CC=C(F)C=C12 |a:1,16|",84.0,85.0,375.0,1.7,8.26
"CNC(=O)CN1C[C@@]2(C(=O)N(C3=CN=CC4=CC=CC=C34)C[C@@H]2CN2N=CN=N2)C2=CC(Cl)=CC=C2C1=O |a:7,22|",46.0,44.0,387.0,1.1,0.29
"CNC(=O)CN1C[C@@]2(C(=O)N(C3=CN=CC4=CC=CC=C34)C[C@@H]2CNC2=CN=C(C)S2)C2=CC(Cl)=CC=C2C1=O |a:7,22|",90.0,26.0,395.0,1.9,0.371
CCN1N=CC=C1CN1C[C@@]2(C(=O)N(C3=CN=CC4=CC=CC=C34)C[C@@H]2C)C2=CC(F)=CC=C2C1=O,441.0,256.0,378.0,2.3,16.5
C[C@H]1CN(C2=CN=CC3=CC=CC=C23)C(=O)[C@@]12CN(CC1=CC=NN1C)C(=O)C1=CC=C(F)C=C12,353.0,131.0,,2.0,6.24
C[C@H]1CN(C2=CN=CC3=CC=CC=C23)C(=O)[C@@]12CN(CC1=CNN=N1)C(=O)C1=CC=C(F)C=C12,61.0,11.0,389.0,1.7,1.97
CNC(=O)CN1C[C@@]2(C(=O)N(C3=CN=CC4=CC=CC=C34)C[C@@H]2CN2C=CC=N2)C2=CC(Cl)=CC=C2C1=O,83.0,51.0,,1.9,0.612
CNCCN1C[C@@]2(C(=O)N(C3=CN=CC4=CC=CC=C34)C[C@@H]2C)C2=CC(F)=CC=C2C1=O,2.0,3.0,396.0,0.0,0.669
C[C@H]1CN(C2=CN=CC3=CC=CC=C23)C(=O)[C@@]12CN(CC1=COC=N1)C(=O)C1=CC=C(F)C=C12,278.0,85.0,,1.9,11.9
CC1=CN=C(CN2C[C@@]3(C(=O)N(C4=CN=CC5=CC=CC=C45)C[C@@H]3C)C3=CC(F)=CC=C3C2=O)C=N1,237.0,137.0,374.0,2.0,12.6
CNC(=O)CN1C[C@@]2(C(=O)N(C3=CN=CC4=CC=CC=C34)C[C@@H]2CS(=O)(=O)NC)C2=CC(F)=CC=C2C1=O,29.0,33.0,,0.7,0.9
CNC(=O)CN1C[C@@]2(C(=O)N(C3=CN=CC4=CC=CC=C34)C[C@@H]2CS(=O)(=O)N(C)C)C2=CC(Cl)=CC=C2C1=O,123.0,194.0,382.0,1.6,1.0
CN1N=NC(CN2C[C@]3(CCN(C4=CN=CC5=CC=CC=C45)C3=O)C3=CC(Cl)=CC=C3C2=O)=N1 |o1:8|,97.0,29.0,,1.9,8.2
CN1C=NC(CN2C[C@]3(CCN(C4=CN=CC5=CC=CC=C45)C3=O)C3=CC(Cl)=CC=C3C2=O)=N1 |o1:8|,51.0,26.0,,1.6,3.2
CN1C=CC(CN2C[C@]3(CCN(C4=CN=CC5=CC=CC=C45)C3=O)C3=CC(Cl)=CC=C3C2=O)=N1 |o1:8|,308.0,82.0,391.0,2.4,10.9
CN1N=NN=C1CN1C[C@]2(CCN(C3=CN=CC4=CC=CC=C34)C2=O)C2=CC(Cl)=CC=C2C1=O |o1:9|,582.0,126.0,389.0,1.9,5.7
CN1N=NC(CN2C[C@]3(CCN(C4=CN=CC5=CC=CC=C45)C3=O)C3=CC(Cl)=CC=C3C2=O)=N1 |o1:8|,227.0,77.0,,1.9,10.5
CN1C=NC(CN2C[C@]3(CCN(C4=CN=CC5=CC=CC=C45)C3=O)C3=CC(Cl)=CC=C3C2=O)=N1 |o1:8|,73.0,53.0,382.0,1.6,4.2
CN1C=CC(CN2C[C@]3(CCN(C4=CN=CC5=CC=CC=C45)C3=O)C3=CC(Cl)=CC=C3C2=O)=N1 |o1:8|,258.0,241.0,389.0,2.4,10.2
C[C@H]1CN(C2=CN=CC3=CC=CC=C23)C(=O)[C@@]12CN(CC1=NNC=N1)C(=O)C1=CC=C(F)C=C12,19.0,2.0,,1.3,1.6
C[C@H]1CN(C2=CN=CC3=CC=CC=C23)C(=O)[C@@]12CN(CC1=CC(O)=NC=N1)C(=O)C1=CC=C(F)C=C12,11.0,2.0,,0.8,1.0
CNC(=O)CN1C[C@@]2(C(=O)N(C3=CN=CC4=CC=CC=C34)C[C@@H]2CNC2=CC=NC=N2)C2=CC(Cl)=CC=C2C1=O,54.0,44.0,,1.6,2.1
CNC(=O)CN1C[C@@]2(C(=O)N(C3=CN=CC4=CC=CC=C34)C[C@@H]2CNC2=CN=CC=N2)C2=CC(Cl)=CC=C2C1=O,100.0,66.0,,1.9,1.0
CN1N=NN=C1CN1C[C@]2(CCN(C3=CN=CC4=CC=CC=C34)C2=O)C2=CC(Cl)=CC=C2C1=O |o1:9|,129.0,57.0,398.0,1.9,3.8
CC(C)[C@H](NC1=NC=NC2=C1C=C(C1=C(C#N)N(C)N=C1)N2)C1=CC=C2OCC(=O)NC2=C1 |o1:3|,147.0,52.0,19.0,3.4,2.35
C[C@H]1CN(C2=CN=CC3=CC=CC=C23)C(=O)[C@@]12CN(CC1=NC=CN1)C(=O)C1=CC=C(F)C=C12,316.0,90.0,373.0,2.1,4.92
C[C@H]1CN(C2=CN=CC3=CC=CC=C23)C(=O)[C@@]12CN(CC1=CC=NN1)C(=O)C1=CC=C(F)C=C12,163.0,44.0,397.0,2.0,4.26
C=CC(=O)N1CCCC2=C1C=CC=C2N(CC1=CC=CC(Cl)=C1)C(=O)CC1=CN=CC2=CC=CC=C12,1460.0,1620.0,44.0,3.3,2.14
CNC(=O)CN1C[C@@]2(C(=O)N(C3=CN=CC4=CC=CC=C34)C[C@@H]2CNC2=CC=CC=C2)C2=CC(Cl)=CC=C2C1=O,495.0,378.0,139.0,3.0,1.08
CNC(=O)CN1C[C@@]2(C(=O)N(C3=CN=CC4=CC=CC=C34)C[C@@H]2CNC2=CN(C)N=C2)C2=CC(Cl)=CC=C2C1=O,90.0,66.0,376.0,1.2,0.813
CNC(=O)CN1C[C@@]2(C(=O)N(C3=CN=CC4=CC=CC=C34)C[C@@H]2CC2=NNN=N2)C2=CC(Cl)=CC=C2C1=O,7.0,10.0,374.0,-0.7,1.24
C[C@H]1CN(C2=CN=CC3=CC=CC=C23)C(=O)[C@@]12CN(CC1=CNC=N1)C(=O)C1=CC=C(F)C=C12,91.0,19.0,387.0,1.8,1.37
CC(C)[C@H](NC1=NC=NC2=C1C=C(C1=C(C#N)N(C)N=C1)N2)C1=CC=C2OCC(=O)NC2=C1 |o1:3|,81.0,115.0,26.0,4.4,1.22
CC(C)[C@H](NC1=NC=NC2=C1C=C(C1=CN(C)N=C1)N2)C1=CC=C2CCCS(=O)(=O)C2=C1 |o1:3|,140.0,405.0,111.0,3.2,1.5
CC(C)[C@H](NC1=NC=NC2=C1C=C(C1=CN(C)N=C1)N2)C1=CC=C2CCCS(=O)(=O)C2=C1 |o1:3|,255.0,169.0,111.0,2.9,1.18
CC(C)(C)[C@H](NC1=NC=NC2=C1C=C(C1=CN(CC(N)=O)N=C1)N2)C1=CC=C2OCCOC2=C1 |o1:4|,44.0,153.0,89.0,3.0,0.364
CCNC(=O)C1=CC2=C(N[C@H](C3=CC=C4CCCS(=O)(=O)C4=C3)C(C)C)N=CN=C2N1 |o1:10|,64.0,109.0,337.0,2.7,0.717
CCNC(=O)C1=CC2=C(N[C@H](C3=CC=C4OCCS(=O)(=O)C4=C3)C(C)C)N=CN=C2N1 |&1:10|,26.0,64.0,328.0,2.9,0.471
CC(C)[C@H](NC1=NC=NC2=C1C=C(C1=CN=CC(S(C)(=O)=O)=C1)N2)C1=CC=C2CCCS(=O)(=O)C2=C1 |&1:3|,272.0,635.0,31.0,3.1,0.491
CC(C)[C@H](NC1=NC=NC2=C1C=CN2)C1=CC=C2OCCS(=O)(=O)C2=C1 |&1:3|,69.0,18.0,372.0,2.6,4.4
CC(C)[C@H](NC1=NC=NC2=C1C=C(C(=O)N[C@H]1CCN(C)C1)N2)C1=CC=C2CCCS(=O)(=O)C2=C1 |o1:3|,1.0,11.0,396.0,1.4,0.175
CC(C)(C)[C@H](NC1=NC=NC2=C1C=C(C1=CN(CC(N)=O)N=C1)N2)C1=CC=C2OCCOC2=C1 |o1:4|,39.0,100.0,104.0,3.1,1.01
CNCCN1C[C@@]2(C(=O)N(C3=CN=CC4=CC=CC=C34)C[C@@H]2C)C2=CC(Cl)=CC=C2C1=O,3.0,4.0,398.0,0.7,2.44
CC(C)[C@H](NC1=NC=NC2=C1C=C(C(=O)N[C@H]1CCN(C)C1)N2)C1=CC=C2CCCS(=O)(=O)C2=C1 |o1:3|,4.0,26.0,392.0,1.5,0.325
CNC(=O)C1=CC=CC(C2=CC3=C(N[C@H](C4=CC=C5CCCS(=O)(=O)C5=C4)C(C)C)N=CN=C3N2)=C1 |o1:14|,197.0,746.0,13.0,3.8,0.502
CNC(=O)C1=CC2=C(N[C@H](C3=CC=C4CCCS(=O)(=O)C4=C3)C(C)C)N=CN=C2N1 |o1:9|,47.0,67.0,374.0,2.3,0.891
CNC(=O)C1=CC=CC(C2=CC3=C(N[C@H](C4=CC=C5CCCS(=O)(=O)C5=C4)C(C)C)N=CN=C3N2)=C1 |o1:14|,882.0,455.0,15.0,3.7,0.627
CNC(=O)C1=CC2=C(N[C@H](C3=CC=C4CCCS(=O)(=O)C4=C3)C(C)C)N=CN=C2N1 |o1:9|,23.0,682.0,397.0,2.4,0.377
CO[C@@H](C)CN1C[C@@]2(C(=O)N(C3=CN=CC4=CC=CC=C34)C[C@@H]2C)C2=CC(F)=CC=C2C1=O,371.0,87.0,,2.0,27.7
CO[C@@H](C)CN1C[C@@]2(C(=O)N(C3=CN=CC4=CC=CC=C34)C[C@@H]2C)C2=CC(Cl)=CC=C2C1=O,726.0,170.0,388.0,2.6,35.7
CNC(=O)[C@@H](C)N1C[C@@]2(C(=O)N(C3=CN=CC4=CC=CC=C34)C[C@@H]2C)C2=CC(Cl)=CC=C2C1=O,127.0,48.0,374.0,2.1,8.52
CC(C)[C@H](NC1=NC=NC2=C1C=C(C1=CN(CC(N)=O)N=C1)N2)C1=CC=C2OCCOC2=N1 |o1:3|,5.0,12.0,377.0,2.3,1.27
CC(C)[C@H](NC1=NC=NC2=C1C=C(C1=CN(CC(N)=O)N=C1)N2)C1=CC=C2OCCOC2=N1 |o1:3|,9.0,18.0,395.0,2.4,0.47
CCNC(=O)C1=CC2=C(N[C@H](C3=CC=C4CCCS(=O)(=O)C4=C3)C(C)C)N=CN=C2N1 |o1:10|,54.0,892.0,316.0,2.8,0.532
C[C@H]1CN(C2=CN=CC3=CC=CC=C23)C(=O)[C@@]12CN(CCN1CCOCC1)C(=O)C1=CC=C(Cl)C=C12,368.0,172.0,385.0,1.8,19.3
CC(C)[C@H](NC1=NC=NC2=C1C=C(C1=CN(CC(N)=O)N=C1)N2)C1=CC=C2CCCS(=O)(=O)C2=C1 |o1:3|,39.0,240.0,338.0,2.1,1.98
CC1=NN(C)C=C1C1=CC2=C(N[C@H](C3=CC=C4CCCS(=O)(=O)C4=C3)C(C)C)N=CN=C2N1 |o1:12|,390.0,251.0,63.0,3.4,3.69
CC1=NN(C)C=C1C1=CC2=C(N[C@H](C3=CC=C4CCCS(=O)(=O)C4=C3)C(C)C)N=CN=C2N1 |o1:12|,202.0,273.0,65.0,3.1,4.36
CC(C)[C@H](NC1=NC=NC2=C1C=C(C1=CN(CC(N)=O)N=C1)N2)C1=CC=C2CCCS(=O)(=O)C2=C1 |o1:3|,96.0,115.0,335.0,2.0,0.719
CNC(=O)[C@@H](C)N1C[C@@]2(C(=O)N(C3=CN=CC4=CC=CC=C34)C[C@@H]2C)C2=CC(F)=CC=C2C1=O,60.0,11.0,387.0,1.6,1.6
CNC(=O)CN1C[C@@]2(C(=O)N(C3=CN=CC4=CC=CC=C34)C[C@@H]2CC#N)C2=CC(Cl)=CC=C2C1=O,46.0,37.0,349.0,1.1,0.317
C[C@H]1CN(C2=CN=CC3=CC=CC=C23)C(=O)[C@@]12CN(CCN1CCOCC1)C(=O)C1=CC=C(F)C=C12,165.0,96.0,392.0,1.4,9.99
C[C@H]1CN(C2=CN=CC3=CC=CC=C23)C(=O)[C@@]12CN(CC1=CNN=C1)C(=O)C1=CC=C(F)C=C12,672.0,27.0,,1.8,2.07
CNC(=O)C1(N2C[C@@]3(C(=O)N(C4=CN=CC5=CC=CC=C45)C[C@@H]3C)C3=CC(F)=CC=C3C2=O)CC1,43.0,15.0,,1.2,1.42
CNC(=O)CN1C[C@@]2(C(=O)N(C3=CN=CC4=CC=CC=C34)C[C@@H]2CN2C=CN=N2)C2=CC(F)=CC=C2C1=O,12.0,11.0,,0.5,0.46
CCNC(=O)CN1C[C@@]2(C(=O)N(C3=CN=CC4=CC=CC=C34)C[C@@H]2C)C2=CC(F)=CC=C2C1=O,232.0,65.0,,1.5,2.79
CNCC1=CC(C2=CC3=C(N[C@H](C4=CC=C5CCNS(=O)(=O)C5=C4)C(C)C)N=CN=C3N2)=CO1 |&1:11|,42.0,46.0,372.0,1.9,1.2
CC(C)[C@H](NC1=NC=NC2=C1C(C(=O)NC1CC1)=CN2)C1=CC=C2CCCS(=O)(=O)C2=C1 |o1:3|,42.0,5.0,19.0,3.0,1.27
CNC(=O)CN1C[C@@]2(C(=O)N(C3=CN=CC4=CC=CC=C34)C[C@@H]2CS(C)(=O)=O)C2=CC(F)=CC=C2C1=O,9.0,21.0,,0.4,0.48
CC1CCC2(CC1)CCN(C(=O)CC1=CN=CC3=CC=CC=C13)C2,226.0,346.0,385.0,3.8,18.2
C[C@H]1CN(C2=CN=CC3=CC=CC=C23)C(=O)[C@@]12CN(CC(=O)NC1CCC1)C(=O)C1=CC=C(Cl)C=C12,961.0,780.0,362.0,2.5,6.29
CNCC1=CC(C2=CC3=C(N[C@H](C4=CC=C5CCCS(=O)(=O)C5=C4)C(C)C)N=CN=C3N2)=CO1 |o1:11|,54.0,133.0,345.0,2.2,2.61
CNC(=O)C1=CNC2=NC=NC(N[C@H](C3=CC=C4CCCS(=O)(=O)C4=C3)C(C)C)=C12 |o1:13|,113.0,108.0,204.0,2.6,0.857
CC(C)[C@H](NC1=NC=NC2=C1C=C(C1=C(C#N)N(C)N=C1)N2)C1=CC=C2CCCS(=O)(=O)C2=C1 |o1:3|,311.0,935.0,22.0,3.3,4.33
CC(C)[C@H](NC1=NC=NC2=C1C=C(C1=C(C#N)N(C)N=C1)N2)C1=CC=C2CCCS(=O)(=O)C2=C1 |o1:3|,709.0,516.0,26.0,3.7,1.82
CNC(=O)C1=CNC2=NC=NC(N[C@H](C3=CC=C4CCCS(=O)(=O)C4=C3)C(C)C)=C12 |o1:13|,770.0,258.0,336.0,2.7,1.61
CNC(=O)CN1C=C(C2=CC3=C(N[C@H](C4=CC=C5CCCS(=O)(=O)C5=C4)C(C)C)N=CN=C3N2)C=N1 |o1:13|,111.0,92.0,323.0,2.4,0.396
CC(C)(C)[C@H](NC1=NC=NC2=C1C=C(C1=CN(CC(N)=O)N=C1)N2)C1=CC=C2OCCOC2=N1 |o1:4|,10.0,27.0,372.0,2.7,1.02
CC(C)[C@H](NC1=NC=NC2=C1C(C(=O)NC1CC1)=CN2)C1=CC=C2CCCS(=O)(=O)C2=C1 |o1:3|,1740.0,409.0,216.0,3.2,2.97
CC(C)[C@H](NC1=NC=NC2=C1C=C(C1=C(C#N)N(C)N=C1)N2)C1=CC=C2OCC(=O)NC2=N1 |o1:3|,189.0,51.0,28.0,3.7,9.64
CNC(=O)CN1C=C(C2=CC3=C(N[C@H](C4=CC=C5CCCS(=O)(=O)C5=C4)C(C)C)N=CN=C3N2)C=N1 |o1:13|,44.0,237.0,294.0,2.3,0.916
CC(C)[C@H](NC1=NC=NC2=C1C=C(C1=CN(C)N=C1)N2)C1=CC=C2CCNS(=O)(=O)C2=C1 |&1:3|,87.0,120.0,105.0,3.2,1.58
CC(C)[C@H](NC1=NC=NC2=C1C=C(C(=O)N[C@@H]1CCN(C)C1)N2)C1=CC=C2CCCS(=O)(=O)C2=C1 |o1:3|,3.0,3.0,366.0,1.4,0.707
CC(C)[C@H](NC1=NC=NC2=C1C=C(C(=O)N[C@@H]1CCN(C)C1)N2)C1=CC=C2CCCS(=O)(=O)C2=C1 |o1:3|,11.0,20.0,392.0,1.6,2.94
CC(C)[C@H](NC1=NC=NC2=C1C=C(C1=CC=C3N=NN(C)C3=C1)N2)C1=CC=C2CCCS(=O)(=O)C2=C1 |&1:3|,219.0,752.0,6.0,3.4,0.827
CC(C)[C@H](NC1=NC=NC2=C1C=C(C1=CN3C=NC=C3C=C1)N2)C1=CC=C2CCCS(=O)(=O)C2=C1 |&1:3|,170.0,210.0,14.0,4.0,0.56
CC(C)[C@H](NC1=NC=NC2=C1C=C(C1=C(C#N)N(C)N=C1)N2)C1=CC=C2OCC(=O)NC2=N1 |o1:3|,131.0,137.0,28.0,3.7,9.35
CC(C)(C)[C@H](NC1=NC=NC2=C1C=C(C1=CN(CC(N)=O)N=C1)N2)C1=CC=C2OCCOC2=N1 |o1:4|,30.0,42.0,390.0,2.9,1.53
CN1N=CC(C2=CC3=C(N[C@H](C4=CC=C5OCCOC5=N4)C(C)(C)C)N=CN=C3N2)=C1C#N |o1:10|,226.0,283.0,24.0,3.3,14.0
CNCC1=CC(C2=CC3=C(N[C@H](C4=CC=C5CCCS(=O)(=O)C5=C4)C(C)C)N=CN=C3N2)=CO1 |o1:11|,40.0,67.0,358.0,2.1,0.483
CNC(=O)C1=CC2=C(N[C@H](C3=CC=C4OCC(=O)NC4=C3)C(C)C)N=CN=C2N1 |o1:9|,33.0,175.0,380.0,2.9,1.21
C[C@H]1CN(C2=CN=CC3=CC=CC=C23)C(=O)[C@@]12CN(CC(=O)NCC1(F)CC1)C(=O)C1=CC=C(F)C=C12,486.0,122.0,,1.7,2.4
CCNC(=O)C1=CC2=C(N[C@H](C3=CC=C4CCNS(=O)(=O)C4=C3)C(C)C)N=CN=C2N1 |&1:10|,45.0,85.0,344.0,2.6,1.96
C[C@H]1CN(C2=CN=CC3=CC=CC=C23)C(=O)[C@@]12CN(CC(=O)NCC1CC1)C(=O)C1=CC=C(F)C=C12,832.0,293.0,370.0,1.9,2.7
CCNC(=O)CN1C[C@@]2(C(=O)N(C3=CN=CC4=CC=CC=C34)C[C@@H]2C)C2=CC(Cl)=CC=C2C1=O,397.0,80.0,377.0,1.8,2.1
CC(C)[C@@H](NC1=NC=NC2=C1C=C(C1=C(C#N)N(C)N=C1)N2)C1=CC=C2OCCOC2=C1,129.0,47.0,20.0,3.4,5.11
CN1C(=O)C2=CC=C(Cl)C=C2[C@]12CCCN(C1=CN=CC3=CC=CC=C13)C2=O |&1:11|,43.0,16.0,376.0,1.5,8.13
CC1=CC=CC=C1OCC(=O)NC1=CN=CC(C2=CN=C3NC=CC3=C2)=C1,,113.0,6.0,,2.06
CC(C)[C@H](NC1=NC=NC2=C1C=C(C1=C(C#N)N(C)N=C1)N2)C1=CC=C2OCCOC2=C1,257.0,706.0,15.0,3.3,5.56
CC(C)[C@H](NC1=NC=NC(N)=C1Cl)C1=CC=C2CCCS(=O)(=O)C2=C1 |&1:3|,204.0,79.0,,2.4,10.1
CN[C@H](C)CN1C[C@H](C(=O)NC2=CN=CC3=CC=CC=C23)C2=CC(Cl)=CC=C2C1=O |&1:7|,48.0,14.0,375.0,0.8,1.76
COC1=CC=C([C@H](NC(=O)C2=C3C=CNC3=NC=N2)C(C)C2=NN=NN2)C=C1 |&1:6|,1.0,2.0,,0.0,1.13
CNCC1=CC(C2=CC3=C(N[C@H](C4=CC=C5CCCS(=O)(=O)C5=C4)C(C)C)N=CN=C3N2)=CO1 |&1:11|,52.0,57.0,321.0,2.1,1.61
CC(C)[C@H](NC1=NC=NC2=C1C=C(C1=C(C#N)N(C)N=C1)N2)C1=CC=C2OCCOC2=N1 |o1:3|,81.0,17.0,53.0,3.7,13.7
CC(C)[C@H](NC1=NC=NC2=C1C=C(C1=C(C#N)N(C)N=C1)N2)C1=CC=C2OCCOC2=N1 |o1:3|,371.0,369.0,50.0,3.9,14.6
CNC(=O)CN1C=C(C2=CC3=C(N[C@H](C4=CC=C5CCCS(=O)(=O)C5=C4)C(C)C)N=CN=C3N2)C=N1 |&1:13|,77.0,94.0,306.0,2.4,0.47
CO[C@@H](C)CN1C[C@H](C(=O)NC2=CN=CC3=CC=CC=C23)C2=CC(Cl)=CC=C2C1=O |o1:7|,557.0,114.0,376.0,2.2,8.5
CCNC(=O)C1=CC2=C(N[C@H](C3=CC=C4CCCS(=O)(=O)C4=C3)C(C)C)N=CN=C2N1 |&1:10|,85.0,108.0,336.0,2.8,0.7
CNC(=O)C1=CC2=C(N[C@H](C3=CC=C4CCCS(=O)(=O)C4=C3)C(C)C)N=CN=C2N1 |&1:9|,46.0,77.0,369.0,2.4,0.46
CC(C)[C@H](NC1=NC=NC2=C1C=C(C1=CN(CC(N)=O)N=C1)N2)C1=CC=C2CCCS(=O)(=O)C2=C1 |&1:3|,61.0,116.0,341.0,1.9,0.32
CC(C)[C@H](NC1=NC=NC2=C1C=C(C1=CN(C)N=C1)N2)C1=CC=C2CCCS(=O)(=O)C2=C1 |&1:3|,155.0,141.0,94.0,3.3,1.73
CC(C)[C@H](NC1=NC=NC2=C1C=CN2)C1=CC=C2CCCS(=O)(=O)C2=C1 |o1:3|,55.0,21.0,386.0,2.5,3.55
CC(C)[C@H](NC1=NC=NC2=C1C=CN2)C1=CC=C2CCCS(=O)(=O)C2=C1 |o1:3|,207.0,57.0,374.0,2.7,5.5
CC(C)[C@H](NC1=NC=NC2=C1C=C(C1=CN(CC(=O)N(C)C)N=C1)N2)C1=CC=C2CCCS(=O)(=O)C2=C1 |&1:3|,68.0,106.0,38.0,2.1,0.67
CNC(=O)C1=CNC2=NC=NC(N[C@H](C3=CC=C4CCCS(=O)(=O)C4=C3)C(C)C)=C12 |&1:13|,192.0,131.0,390.0,2.5,2.23
CNC(=O)C1=CNC2=NC=NC(N[C@H](C3=CC=C4OCC(=O)NC4=C3)C(C)C)=C12 |&1:13|,113.0,86.0,28.0,3.2,4.26
CC(C)[C@H](NC1=NC=NC2=C1C=C(C1=C(C#N)N(C)N=C1)N2)C1=CC=C2CCCS(=O)(=O)C2=C1 |&1:3|,440.0,490.0,34.0,3.6,1.97
COCCNC(=O)C1=CNC2=NC=NC(N[C@H](C3=CC=C4CCCS(=O)(=O)C4=C3)C(C)C)=C12 |&1:16|,888.0,540.0,378.0,2.8,1.62
CC(C)(C)[C@H](NC1=NC=NC2=C1C=C(C1=CN(CC(N)=O)N=C1)N2)C1=CC=C2OCCOC2=N1 |&1:4|,31.0,36.0,48.0,2.7,0.822
CC(C)[C@H](NC1=NC=NC2=C1C(C(=O)NC1CC1)=CN2)C1=CC=C2CCCS(=O)(=O)C2=C1 |&1:3|,234.0,29.0,257.0,3.1,2.46
CN1N=CC(C2=CC3=C(N[C@H](C4=CC=C5OCCOC5=N4)C(C)(C)C)N=CN=C3N2)=C1C#N |&1:10|,209.0,81.0,24.0,2.7,13.5
CC(C)[C@H](NC1=NC=NC2=C1C=C(C1=C(C#N)N(C)N=C1)N2)C1=CC=C2OCC(=O)NC2=N1 |&1:3|,145.0,70.0,29.0,3.7,9.83
CC(C)[C@H](NC1=NC=NC2=C1C=C(C1=CN(CC(N)=O)N=C1)N2)C1=CC=C2OCCOC2=N1 |&1:3|,12.0,14.0,385.0,2.4,2.46
CC(C)[C@H](NC1=NC=NC2=C1C=C(C1=CN(CC(N)=O)N=C1)N2)C1=CC=C2OCC(=O)NC2=C1 |&1:3|,11.0,17.0,25.0,2.5,1.36
CNC(=O)CN1C=C(C2=CC3=C(N[C@H](C4=CC=C5OCCOC5=C4)C(C)C)N=CN=C3N2)C=N1 |&1:13|,47.0,119.0,289.0,2.9,1.94
CNC(=O)C1=CC2=C(N[C@H](C3=CC=C4OCC(=O)NC4=C3)C(C)C)N=CN=C2N1 |&1:9|,20.0,52.0,372.0,2.8,0.873
CC(C)[C@H](NC1=NC=NC2=C1C=C(C1=C(C#N)N(C)N=C1)N2)C1=CC=C2OCC(=O)NC2=C1 |&1:3|,177.0,100.0,69.0,4.1,3.07
CC(C)(C)[C@H](NC1=NC=NC2=C1C=C(C1=CN(CC(N)=O)N=C1)N2)C1=CC=C2OCCOC2=C1 |&1:4|,47.0,133.0,195.0,3.2,1.66
CC(C)[C@H](NC1=NC=NC2=C1C=C(C1=CN(CCC(N)=O)N=C1)N2)C1=CC=C2OCCOC2=C1 |&1:3|,62.0,99.0,236.0,3.0,1.46
CN1N=CC(C2=CC3=C(N[C@H](C4=CC=C5OCCOC5=C4)C(C)(C)C)N=CN=C3N2)=C1C#N |&1:10|,199.0,85.0,25.0,2.9,2.79
CC(C)[C@H](NC1=NC=NC2=C1C=C(C1=CN(CC(=O)N(C)C)N=C1)N2)C1=CC=C2OCCOC2=C1 |&1:3|,59.0,142.0,210.0,2.3,1.14
CC(C)[C@H](NC1=NC=NC2=C1C=CN2)C1=CC=C2OCC(=O)NC2=C1 |o1:3|,80.0,31.0,374.0,2.2,8.7
"C[C@H](C(=O)O)[C@H](NC(=O)C1=NC=NC2=C1C=CN2)C1=CC=C(Br)C=C1 |&1:1,&2:5|",4.0,5.0,386.0,0.5,1.4
CC(C)[C@H](NC1=NC=NC2=C1C=C(C1=CN(CC(N)=O)N=C1)N2)C1=CC=C2OCCOC2=C1 |o1:3|,42.0,238.0,332.0,2.9,1.87
CC(C)[C@H](NC1=NC=NC2=C1C=C(C1=CN(CC(N)=O)N=C1)N2)C1=CC=C2OCCOC2=C1 |o1:3|,16.0,47.0,280.0,2.9,1.09
CC(C)[C@H](NC1=NC=NC2=C1C=CN2)C1=CC=C2OCC(=O)NC2=C1 |o1:3|,37.0,10.0,371.0,1.8,3.4
CCNC(=O)C1=CC2=C(N[C@H](C3=CC=C4OCCOC4=C3)C(C)C)N=CN=C2N1 |&1:10|,88.0,85.0,72.0,3.0,2.41
CC(C)[C@H](NC1=NC=NC2=C1C=C(C1=C(C#N)N(C)N=C1)N2)C1=CC=C2OCCOC2=N1 |&1:3|,139.0,56.0,89.0,3.4,12.8
CC(C)[C@H](NC1=NC=NC2=C1C(C(N)=O)=CN2)C1=CC=C2OCCOC2=C1 |&1:3|,142.0,143.0,375.0,3.2,11.1
CNC(=O)C1=CNC2=NC=NC(N[C@H](C3=CC=C4OCCOC4=C3)C(C)C)=C12 |&1:13|,88.0,79.0,319.0,3.6,16.2
COC1=CC=C([C@H](CC2=NN=NN2)NC(=O)C2=NC=NC3=C2C=CN3)C=C1 |&1:6|,0.0,5.0,395.0,-0.1,1.39
CNC(=O)C1=CC2=C(N[C@H](C3=CC=C4OCCOC4=C3)C(C)C)N=CN=C2N1 |&1:9|,55.0,79.0,380.0,2.76,1.96
CC(C)[C@H](NC1=NC=NC2=C1C=CN2)C1=CC=C2CCCS(=O)(=O)C2=C1 |&1:3|,138.0,37.0,385.0,2.5,3.3
CC(C)[C@H](NC1=NC=NC2=C1C=C(C1=CN(CC(N)=O)N=C1)N2)C1=CC=C2OCCOC2=C1 |&1:3|,41.0,99.0,345.0,0.9,0.9
CC(C)[C@H](NC1=NC=NC2=C1C=CN2)C1=CC=C2OCCOC2=C1 |o1:3|,1680.0,64.0,374.0,3.0,31.5
CC(C)[C@H](NC1=NC=NC2=C1C=CN2)C1=CC=C2OCCOC2=N1 |&1:3|,170.0,31.0,391.0,2.8,20.7
CC(C)[C@H](NC1=NC=NC2=C1C=C(C1=C(C#N)N(C)N=C1)N2)C1=CC=C2OCCOC2=C1 |&1:3|,218.0,74.0,17.0,3.0,4.2
C[C@H]1CN(C2=CN=CC3=CC=CC=C23)C(=O)[C@@]12CN(CC(=O)NCC1=NN(C)C=C1)C(=O)C1=CC=C(Cl)C=C12,398.0,519.0,382.0,1.8,1.51
C[C@H]1CN(C2=CN=CC3=CC=CC=C23)C(=O)[C@@]12CN(CC(=O)NCC1=CC=NN1C)C(=O)C1=CC=C(Cl)C=C12,365.0,364.0,375.0,2.0,0.844
CC(C)NC[C@H](O)COC1=CC=C(CC(N)=O)C=C1 |&1:5|,,,,,0.7
C[C@H](C(=O)O)C1=CC=CC(C(=O)C2=CC=CC=C2)=C1 |&1:1|,,,,,14.6
"C=C[C@H]1CN2CC[C@H]1C[C@@H]2[C@@H](O)C1=CC=NC2=CC=C(OC)C=C12 |a:2,7,9,10|",,,,,13.9
C[C@H]1O[C@@H](O[C@H]2[C@@H](O)C[C@H](O[C@H]3[C@@H](O)C[C@H](O[C@H]4CC[C@@]5(C)[C@H](CC[C@@H]6[C@@H]5C[C@@H](O)[C@]5(C)[C@@H](C7=CC(=O)OC7)CC[C@]65O)C4)O[C@@H]3C)O[C@@H]2C)C[C@H](O)[C@@H]1O,,,,,0.6
"CNC(=O)CN1C[C@]2(C(=O)N(C3=CN=CC4=CC=CC=C34)C[C@H]2CC2CC2)C2=CC(Cl)=CC=C2C1=O |o1:7,22|",77.0,83.0,372.0,2.3,1.73
CNC(=O)CN1C[C@@]2(C(=O)N(C3=CN=CC4=CC=CC=C34)C[C@@H]2C)C2=CC(Cl)=CC=C2C1=O,75.0,23.0,378.0,1.94,2.7
"O=C(NC1=C2NC=C(C(=O)N[C@H]3C4=CC=CC=C4C[C@H]3C(=O)O)C2=CC=C1)NC1CC1 |&1:11,19|",4.0,6.0,,-0.05,1.8
COC1=CC=C([C@H](CC(=O)O)NC(=O)C2=NC=NC3=C2C=CN3)C=C1 |&1:6|,2.0,7.0,,-0.38,1.7
"CNC(=O)CN1C[C@]2(CCN(C3=CN=CC4=CC=C(OC[C@H](O)CN(C)C)C=C34)C2=O)C2=CC(Cl)=CC=C2C1=O |&1:7,&2:21|",2.0,8.0,383.0,0.19,1.4
CNC(=O)CN1C[C@@]2(C(=O)N(C3=CN=CC4=CC=CC=C34)C[C@@H]2C)C2=CC=CC=C2C1=O,17.0,3.0,391.0,0.7,1.1
COC1=CC=C2C(=C1)CCN(C1=NC=NC3=C1C=CN3)[C@H]2C(C)C |&1:20|,321.0,60.0,14.0,4.33,7.0
CC(C)[C@H](NC1=NC=NC2=C1C=CN2)C1=CC=C2OCCOC2=C1 |&1:3|,340.0,50.0,224.0,3.2,26.8
CC(C)[C@H](CO)NC1=NC=NC2=C1C=CN2,10.0,6.0,,1.69,13.1
CNC(=O)CN1C[C@@]2(C(=O)N(C3=CN=CC4=CC=CC=C34)C[C@@H]2C)C2=C(C=CC(F)=C2)C1=O,23.0,1.0,,1.07,1.7
C=CC(=O)NC1=CC=CC(N(CC2=CC=CC(Cl)=C2)C(=O)CC2=CN=CC3=CC=CC=C23)=C1,2380.0,1070.0,24.7,3.8,8.0
O=C(O)C[C@H](NC(=O)C1=NC=NC2=C1C=CN2)C1=CC=C(Br)C=C1 |&1:4|,1.0,6.0,,0.22,2.6
O=C(NC1=CC=CC=C1)NC1=CC=C(C(=O)NC2C3=C(CC2C(=O)O)C(O)=CC=C3)C=C1,2.0,9.0,319.0,0.12,0.7
C=CC(=O)N1CCCC2=CC=C(N(CC3=CC=CC(C(F)(F)F)=C3)C(=O)CC3=CN=CC4=CC=CC=C34)C=C21,2150.0,614.0,,,
C=CC(=O)N1CCCC2=CC=C(N(CC3=CC=CC(Cl)=C3)C(=O)CC3=CN=CC4=C(F)C=CC=C34)C=C21,1920.0,752.0,,,
C=CC(=O)N1CCCC2=CC=C(N(C(=O)CC3=CN=CC4=CC=CC=C34)N(C)C3=CC=CC(Cl)=C3)C=C21,1760.0,1380.0,,,
CN(C)CCCN1C2=CC=CC=C2CCC2=CC=CC=C21,169.0,,,,
CC(C)NC[C@H](O)COC1=CC=CC2=CC=CC=C12 |&1:5|,63.0,25.5,,,
O=C(O)CC1=CC=CC=C1NC1=C(Cl)C=CC=C1Cl,386.0,216.0,,,
NCC1=CC(Cl)=CC(C(=O)NC2=CC=C3CNCC3=C2)=C1,,,,2.0,
COC(=O)NC1=NC2=CC=C(C(=O)C3=CC=CC=C3)C=C2N1,,,,2.9,
CC1=NC=CN1C[C@H]1CCC2=C(C1=O)C1=CC=CC=C1N2C |&1:7|,,,127.0,,
